<?xml version="1.0" encoding="UTF-8"?>
<!DOCTYPE mapper
        PUBLIC "-//mybatis.org//DTD Mapper 3.1//EN"
        "http://mybatis.org/dtd/mybatis-3-mapper.dtd">
<mapper namespace="cn.macrowolf.orm.mybatis.common.TokenMapper">
    <select id="queryAccountUuidByAccessToken" resultType="java.lang.String">
        SELECT
          account_uuid
        FROM token
        WHERE access_token = #{access_token}
    </select>
    <select id="queryTokenInfoByAccessToken" resultType="cn.macrowolf.model.vo.common.TokenVO">
        SELECT
          id AS uuid,
          account_uuid,
          access_token,
          refresh_token,
          expires_time,
          create_time,
          update_time
        FROM token
        WHERE access_token = #{access_token}
    </select>
    <update id="updateTokenInfo">
        UPDATE
          token
        SET
            access_token = #{access_token},
            refresh_token = #{refresh_token},
            update_time = now()
        WHERE
          account_uuid = #{account_uuid}
    </update>
    <insert id="insertToken">
        INSERT INTO
          token
        (
          account_uuid,
          access_token,
          refresh_token,
          expires_time,
          create_time
        )
        VALUES
        (
          #{account_uuid},
          #{access_token},
          #{refresh_token},
          #{expires_time},
          now()
        )
    </insert>
    <select id="queryAdminTokenByAdminUuid" resultType="cn.macrowolf.model.vo.common.TokenVO">
        SELECT
          access_token,
          refresh_token,
          expires_time
        FROM token
        WHERE account_uuid = #{uuid}
    </select>
</mapper>